City_ID,City,Lat,Lng,Max Temp,Humidity,Cloudiness,Wind Speed,Country,Date
0,grytviken,-54.2811,-36.5092,-5.73,84,24,6.29,GS,1694991830
1,tyuratam,45.6507,63.3156,17.32,37,41,3.58,KZ,1694991935
2,vila velha,-20.3297,-40.2925,23.3,88,0,5.66,BR,1694991796
3,edinburgh of the seven seas,-37.0676,-12.3116,12.5,83,63,11.36,SH,1694991935
4,qaqortoq,60.7167,-46.0333,2.75,58,0,1.2,GL,1694991935
5,longyearbyen,78.2186,15.6401,-2.09,80,75,4.63,SJ,1694991936
6,port-aux-francais,-49.35,70.2167,5.01,97,100,11.92,TF,1694991936
7,hami,42.8,93.45,16.37,29,98,5.75,CN,1694991936
8,tazovsky,67.4667,78.7,8.24,97,100,3.35,RU,1694991936
9,adamstown,-25.066,-130.1015,18.47,66,97,5.36,PN,1694991937
10,udachny,66.4167,112.4,-4.97,94,44,2.06,RU,1694991937
11,santona,43.4439,-3.4576,23.37,61,95,5.56,ES,1694991937
12,hadibu,12.65,54.0333,26.08,82,99,7.64,YE,1694991736
13,west island,-12.1568,96.8225,22.99,94,100,6.17,CC,1694991937
14,antibes,43.5624,7.1278,25.88,80,0,1.54,FR,1694991938
15,port lincoln,-34.7333,135.8667,15.53,74,92,3.95,AU,1694991938
16,iqaluit,63.7506,-68.5145,0.85,69,20,5.66,CA,1694991938
17,hermanus,-34.4187,19.2345,12.11,83,0,3.86,ZA,1694991939
18,kingston,17.997,-76.7936,31.53,81,75,5.66,JM,1694991629
19,san antonio de pale,-1.4014,5.6325,24.41,84,68,5.32,GQ,1694991939
20,arar,30.9753,41.0381,29.01,14,0,5.14,SA,1694991939
21,rio grande,-32.035,-52.0986,24.06,83,47,4.09,BR,1694991939
22,badger,64.8,-147.5333,7.98,96,100,7.72,US,1694991940
23,sinabang,2.4803,96.3801,26.11,84,99,2.99,ID,1694991940
24,maxixe,-23.8597,35.3472,20.1,77,100,6.24,MZ,1694991940
25,sambava,-14.2667,50.1667,21.37,87,52,4.07,MG,1694991940
26,thompson,55.7435,-97.8558,21.09,60,20,3.6,CA,1694991839
27,waitangi,-43.9535,-176.5597,13.23,78,13,4.92,NZ,1694991941
28,avarua,-21.2078,-159.775,23.03,64,20,5.14,CK,1694991941
29,lerwick,60.1545,-1.1494,13.0,94,100,7.1,GB,1694991941
30,igarka,67.4667,86.5833,5.9,70,100,7.11,RU,1694991941
31,francisco i. madero,29.7059,-107.8043,23.0,44,95,2.42,MX,1694991942
32,zhanaozen,43.3,52.8,16.41,75,88,6.83,KZ,1694991942
33,bredasdorp,-34.5322,20.0403,8.01,92,0,2.58,ZA,1694991942
34,bilibino,68.0546,166.4372,4.96,61,100,0.95,RU,1694991942
35,anadyr,64.75,177.4833,6.28,81,75,2.0,RU,1694991943
36,blackmans bay,-43.0167,147.3167,12.07,60,35,2.7,AU,1694991943
37,lihue,21.9789,-159.3672,30.58,65,40,5.66,US,1694991943
38,ancud,-41.8697,-73.8203,6.16,72,7,2.98,CL,1694991943
39,bethel,41.3712,-73.414,21.63,75,78,0.45,US,1694991943
40,port-gentil,-0.7193,8.7815,25.12,83,73,3.38,GA,1694991944
41,urziceni,44.7167,26.6333,17.47,71,60,2.2,RO,1694991944
42,ilulissat,69.2167,-51.1,1.01,86,100,2.06,GL,1694991944
43,kedougou,12.5579,-12.1743,25.32,94,75,5.14,SN,1694991944
44,ringas,27.35,75.5667,22.5,89,100,7.09,IN,1694991945
45,aasiaat,68.7098,-52.8699,-2.57,90,81,1.56,GL,1694991799
46,yekaterinovka,52.0508,44.3451,14.17,63,88,2.96,RU,1694991945
47,san patricio,28.017,-97.5169,34.53,33,0,4.23,US,1694991945
48,cooper's town,26.8667,-77.5167,29.03,72,99,4.07,BS,1694991946
49,severo-yeniseyskiy,60.3725,93.0408,10.62,80,100,0.95,RU,1694991946
50,fortaleza,-3.7227,-38.5247,27.34,78,40,5.14,BR,1694991902
51,puerto natales,-51.7236,-72.4875,0.82,78,75,1.74,CL,1694991712
52,ola,59.5833,151.2833,11.19,58,13,5.31,RU,1694991946
53,ushuaia,-54.8,-68.3,1.81,64,75,5.14,AR,1694991700
54,nili,33.7218,66.1302,17.0,22,0,2.9,AF,1694991948
55,kitimat,54.0524,-128.6534,13.21,99,95,3.58,CA,1694991948
56,richards bay,-28.783,32.0377,16.07,79,100,1.7,ZA,1694991948
57,soio,-6.1349,12.3689,23.92,85,85,3.01,AO,1694991860
58,nagqu,31.5,92.0,1.96,96,97,1.67,CN,1694991922
59,yellowknife,62.456,-114.3525,15.79,67,100,6.17,CA,1694991687
60,karungdong,5.8844,121.263,25.94,84,100,1.58,PH,1694991949
61,susuman,62.7833,148.1667,3.29,64,40,0.49,RU,1694991950
62,invercargill,-46.4,168.35,8.9,84,90,6.26,NZ,1694991675
63,pisco,-13.7,-76.2167,20.03,77,0,8.23,PE,1694991950
64,atafu village,-8.5421,-172.5159,28.29,80,68,7.14,TK,1694991950
65,satsuma,30.8532,-88.0561,31.69,40,2,3.43,US,1694991950
66,laojunmiao,39.8333,97.7333,8.53,45,0,3.04,CN,1694991951
67,peniche,39.3558,-9.3811,18.09,92,97,4.13,PT,1694991951
68,ust-nera,64.5667,143.2,3.77,75,41,2.11,RU,1694991951
69,guerrero negro,27.9769,-114.0611,22.34,63,53,8.53,MX,1694991781
70,crucecita,-28.95,-58.9833,26.98,60,3,3.13,AR,1694991951
71,ha'il,27.5219,41.6907,32.01,17,40,2.06,SA,1694991952
72,aghstafa,41.1189,45.4539,17.63,84,35,0.46,AZ,1694991952
73,betong,5.7743,101.0723,22.28,99,94,1.01,TH,1694991952
74,esperanza,19.5847,-70.9849,30.32,86,90,1.51,DO,1694991952
75,kirensk,57.7853,108.1119,4.4,89,79,3.32,RU,1694991953
76,sitka,57.0531,-135.33,12.94,88,100,5.14,US,1694991953
77,saint-pierre,-21.3393,55.4781,21.98,64,75,2.57,RE,1694991953
78,vila nova de foz coa,41.0637,-7.2039,14.18,92,99,4.39,PT,1694991953
79,sokoni,-6.4333,39.55,24.77,78,41,5.49,TZ,1694991954
80,isafjordur,66.0755,-23.124,7.87,92,81,3.22,IS,1694991954
81,jayapura,-2.5333,140.7,27.66,86,73,1.92,ID,1694991954
82,constantia,44.1833,28.65,16.38,60,42,4.36,RO,1694991954
83,georgetown,5.4112,100.3354,27.75,95,20,1.54,MY,1694991954
84,oranjemund,-28.55,16.4333,12.13,88,0,6.33,NA,1694991955
85,aykhal,66.0,111.5,-4.87,100,97,2.29,RU,1694991955
86,taunggyi,20.7833,97.0333,17.6,97,100,1.36,MM,1694991955
87,segamat,2.5148,102.8158,25.25,88,99,0.64,MY,1694991955
88,vadso,70.0744,29.7487,3.49,87,30,2.57,NO,1694991956
89,langepas,61.2544,75.2124,12.44,82,71,3.97,RU,1694991956
90,abepura,-2.6333,140.5833,27.45,78,20,1.03,ID,1694991956
91,trairi,-3.2778,-39.2689,26.0,83,15,5.73,BR,1694991775
92,ribeira grande,38.5167,-28.7,18.21,79,49,4.02,PT,1694991956
93,wailua homesteads,22.0669,-159.378,30.24,65,40,5.66,US,1694991957
94,kavaratti,10.5669,72.642,27.47,81,74,4.54,IN,1694991957
95,la passe,45.5549,-0.8967,18.13,93,46,3.61,FR,1694991957
96,port mathurin,-19.6833,63.4167,22.85,77,2,9.17,MU,1694991957
97,margaret river,-33.95,115.0667,14.03,66,95,6.58,AU,1694991958
98,trinity beach,-16.7888,145.6968,22.78,97,75,5.66,AU,1694991958
99,el bayadh,33.6832,1.0193,22.94,40,97,2.09,DZ,1694991958
100,enewetak,11.3474,162.3373,28.95,78,100,7.6,MH,1694991959
101,khandyga,62.6667,135.6,3.38,90,100,1.74,RU,1694991959
102,vernon,50.2581,-119.2691,29.31,21,32,2.57,CA,1694991911
103,tazacorte,28.629,-17.9293,21.75,80,100,5.14,ES,1694991959
104,nuuk,64.1835,-51.7216,3.34,65,100,2.57,GL,1694991828
105,kodiak,57.79,-152.4072,12.73,44,0,7.2,US,1694991960
106,argo,37.6333,22.7333,22.66,54,1,1.84,GR,1694991960
107,berezovyy,51.6667,135.7,9.64,88,100,0.32,RU,1694991960
108,xiulin,29.7167,112.4,24.8,83,74,3.33,CN,1694991960
109,khowy,38.5503,44.9521,15.77,66,35,1.21,IR,1694991961
110,college,64.8569,-147.8028,8.03,95,100,7.72,US,1694991961
111,dryden,49.7833,-92.7503,16.16,51,0,1.54,CA,1694991961
112,shenjiamen,29.9576,122.298,26.31,85,17,2.9,CN,1694991961
113,arteche,12.2645,125.4048,27.79,80,100,1.95,PH,1694991962
114,labrador city,52.9463,-66.9114,10.95,82,100,4.12,CA,1694991962
115,afaahiti,-17.75,-149.2833,27.93,87,74,4.91,PF,1694991963
116,uturoa,-16.7333,-151.4333,25.98,82,52,4.89,PF,1694991963
117,guarapari,-20.6667,-40.4975,23.27,87,0,5.65,BR,1694991963
118,mirnyy,62.5353,113.9611,0.13,80,100,4.92,RU,1694991963
119,port shepstone,-30.7414,30.455,15.49,59,3,2.6,ZA,1694991964
120,yuzhno-kurilsk,44.0306,145.8556,19.11,98,100,6.9,RU,1694991966
121,saint-philippe,-21.3585,55.7679,21.77,80,38,5.31,RE,1694991967
122,tolanaro,-25.0319,46.9987,22.04,83,0,3.09,MG,1694991967
123,kadi,23.3,72.3333,24.92,98,100,8.33,IN,1694991967
124,el kef,36.1742,8.7049,29.85,29,9,3.1,TN,1694991967
125,las khorey,11.1595,48.1967,32.62,54,56,1.84,SO,1694991968
126,utrik,11.2278,169.8474,28.66,80,100,8.1,MH,1694991968
127,inirida,3.8653,-67.9239,27.09,79,66,1.44,CO,1694991968
128,acajutla,13.5928,-89.8275,29.62,74,63,3.22,SV,1694991968
129,mogok,22.9167,96.5,19.05,100,100,1.04,MM,1694991969
130,east london,-33.0153,27.9116,13.42,62,0,2.63,ZA,1694991969
131,tsukumiura,33.0706,131.8572,25.71,86,24,0.47,JP,1694991971
132,luderitz,-26.6481,15.1594,15.26,57,0,8.14,NA,1694991972
133,colares,38.7992,-9.4469,19.31,79,96,4.47,PT,1694991972
134,lobujya,27.95,86.8167,0.88,86,97,0.72,NP,1694991972
135,sarno,40.8108,14.6198,25.94,91,27,0.19,IT,1694991972
136,posto fiscal rolim de moura,-13.0833,-62.2667,32.29,32,82,1.3,BR,1694991973
137,ceeldheer,3.8488,47.1806,24.49,85,89,6.86,SO,1694991973
138,seminole,28.7086,-81.2081,33.54,67,20,3.09,US,1694991805
139,columbiana,40.8884,-80.694,19.23,74,83,0.7,US,1694991975
140,brookings,44.3114,-96.7984,23.94,46,0,2.57,US,1694991975
141,tutoia,-2.7619,-42.2744,26.35,79,8,5.74,BR,1694991964
142,peterhead,57.5058,-1.7981,12.47,89,100,6.89,GB,1694991976
143,west end,26.6833,-78.9667,28.99,76,98,5.47,BS,1694991976
144,bonnyville,54.2668,-110.735,21.89,22,61,3.43,CA,1694991976
145,san luis de la loma,17.2706,-100.8939,29.3,68,100,1.93,MX,1694991977
146,berdigestyakh,62.0989,126.6992,2.02,97,100,1.86,RU,1694991977
147,karratha,-20.7377,116.8463,23.39,39,67,4.18,AU,1694991977
148,mount pearl,47.5166,-52.7813,20.19,82,20,7.72,CA,1694991977
149,olonkinbyen,70.9221,-8.7187,3.06,73,22,8.82,SJ,1694991977
150,katsuura,35.1333,140.3,27.24,81,2,5.86,JP,1694991978
151,jamai,22.2,78.5833,19.88,95,13,1.18,IN,1694991978
152,lompoc,34.6391,-120.4579,28.16,69,0,4.12,US,1694991978
153,ardakan,32.31,54.0175,23.97,27,0,3.26,IR,1694991978
154,saldanha,-33.0117,17.9442,8.03,80,0,4.41,ZA,1694991979
155,novaya igirma,57.1334,103.9112,7.29,96,58,1.69,RU,1694991979
156,mhamid,29.82,-5.72,23.89,52,28,2.17,MA,1694991979
157,iskateley,67.6803,53.1512,4.11,79,100,4.66,RU,1694991979
158,kone,-21.0595,164.8658,25.5,59,6,2.37,NC,1694991980
159,nova sintra,14.8667,-24.7167,22.95,74,17,4.54,CV,1694991980
160,boma,7.0805,-2.1697,22.06,99,97,1.02,GH,1694991834
161,vorgashor,67.5833,63.95,0.32,93,9,2.34,RU,1694991980
162,prince rupert,54.3161,-130.3201,13.83,84,100,9.77,CA,1694991980
163,acapulco de juarez,16.8634,-99.8901,31.9,58,75,2.06,MX,1694991798
164,gardner,42.5751,-71.9981,19.54,77,56,0.89,US,1694991981
165,lebu,-37.6167,-73.65,8.13,71,3,4.34,CL,1694991691
166,stanley,54.868,-1.6985,14.29,93,75,2.06,GB,1694991981
167,petropavlovsk-kamchatsky,53.0452,158.6483,12.33,44,20,4.0,RU,1694991982
168,puerto ayora,-0.7393,-90.3518,28.98,92,98,3.58,EC,1694991831
169,glace bay,46.1969,-59.957,17.72,91,75,6.69,CA,1694991982
170,havre,49.5833,0.3333,19.87,68,100,4.63,FR,1694991982
171,ciudad insurgentes,25.2625,-111.7753,33.62,23,1,7.73,MX,1694991982
172,hanceville,34.0607,-86.7675,26.97,49,18,2.0,US,1694991983
173,albany,42.6001,-73.9662,18.36,84,100,1.15,US,1694991787
174,sarupathar,26.1984,93.8094,25.04,95,96,0.19,IN,1694991983
175,crane,31.3974,-102.3501,29.57,34,21,2.71,US,1694991983
176,markovo,57.3206,107.0881,8.37,91,58,2.37,RU,1694991984
177,okhotsk,59.3833,143.3,7.95,56,2,5.65,RU,1694991984
178,nar'yan-mar,67.6713,53.087,4.2,79,100,4.71,RU,1694991984
179,garissa,-0.4536,39.6401,23.87,73,94,7.37,KE,1694991984
180,keflavik,64.0049,-22.5624,6.24,81,40,5.66,IS,1694991984
181,melendugno,40.2747,18.3368,21.14,73,5,3.76,IT,1694991985
182,al jawf,29.5,38.75,25.2,22,0,2.19,SA,1694991739
183,chuhar jamali,24.3895,67.9923,27.22,82,99,6.86,PK,1694991985
184,hawaiian paradise park,19.5933,-154.9731,28.74,76,40,3.6,US,1694991985
185,kolonia town,6.964,158.206,31.0,74,75,3.09,FM,1694991986
186,semirom,31.4167,51.5667,14.08,37,0,1.81,IR,1694991986
187,acarau,-2.8856,-40.12,26.03,81,9,7.62,BR,1694991986
188,tan-tan,28.438,-11.1032,21.02,84,21,6.84,MA,1694991986
189,colonia,50.9333,6.95,22.2,79,0,2.06,DE,1694991872
190,talnakh,69.4865,88.3972,5.67,70,100,5.33,RU,1694991987
191,qingdao,36.0986,120.3719,21.78,100,31,2.0,CN,1694991987
192,severobaykal'sk,55.65,109.3167,9.3,72,9,3.29,RU,1694991987
193,buka,40.8108,69.1986,16.36,37,1,1.99,UZ,1694991987
194,macenta,8.5435,-9.471,20.91,99,93,0.89,GN,1694991988
195,nadym,65.5333,72.5167,4.77,91,100,8.25,RU,1694991988
196,alofi,-19.0595,-169.9187,25.94,65,97,10.29,NU,1694991988
197,kloulklubed,7.0419,134.2556,28.18,71,100,1.91,PW,1694991989
198,sijunjung,-0.6876,100.9537,22.62,97,98,0.24,ID,1694991989
199,newman,37.3138,-121.0208,28.92,53,89,2.68,US,1694991989
200,itamaraca,-7.7478,-34.8256,24.03,85,12,5.93,BR,1694991989
201,tapiramuta,-11.8472,-40.7914,20.61,61,39,4.71,BR,1694991990
202,tromso,69.6496,18.957,7.01,81,75,6.69,NO,1694991705
203,cestos city,5.46,-9.5828,25.37,87,100,3.31,LR,1694991990
204,gadzhiyevo,69.2551,33.3362,5.47,95,100,10.62,RU,1694991990
205,lazaro cardenas,17.9583,-102.2,29.2,61,100,1.03,MX,1694991991
206,salinopolis,-0.6136,-47.3561,26.84,82,48,5.49,BR,1694991991
207,sao jose da coroa grande,-8.8978,-35.1478,24.26,86,17,4.55,BR,1694991991
208,daru,-9.0763,143.2092,25.82,65,64,6.31,PG,1694991991
209,al jahra',29.3375,47.6581,35.86,18,8,4.77,KW,1694991992
210,funafuti,-8.5243,179.1942,32.0,84,75,3.6,TV,1694991728
211,puerto lempira,15.2667,-83.7667,30.08,70,40,0.0,HN,1694991992
212,alice springs,-23.7,133.8833,19.75,24,0,0.0,AU,1694991758
213,nabire,-3.3667,135.4833,26.46,78,96,0.92,ID,1694991992
214,jerez de garcia salinas,22.65,-103.0,24.11,30,96,4.78,MX,1694991993
215,tsiombe,-25.3,45.4833,20.22,96,9,2.92,MG,1694991993
216,komatsu,36.4026,136.4509,28.24,73,7,1.82,JP,1694991993
217,korla,41.7597,86.1469,16.66,40,53,4.04,CN,1694991994
218,gulbene,57.1777,26.7529,10.5,96,85,2.07,LV,1694991994
219,punta arenas,-53.15,-70.9167,4.06,48,0,4.63,CL,1694991994
220,paka,4.6374,103.4368,23.96,100,92,0.0,MY,1694991994
221,winslow,35.0242,-110.6974,31.1,20,40,7.72,US,1694991804
222,cururupu,-1.8283,-44.8683,23.97,90,49,1.7,BR,1694991995
223,haiku-pauwela,20.9219,-156.3051,30.01,61,40,8.75,US,1694991995
224,kindu,-2.95,25.95,20.83,96,96,1.23,CD,1694991995
225,pasuquin,18.3328,120.6177,25.97,94,20,2.06,PH,1694991995
226,puerto deseado,-47.7503,-65.8938,4.54,68,40,5.21,AR,1694991996
227,tiksi,71.6872,128.8694,0.11,85,100,3.38,RU,1694991996
228,coquimbo,-29.9533,-71.3436,15.85,72,0,5.14,CL,1694991996
229,jinchang,38.4953,102.1739,15.6,44,100,3.11,CN,1694991996
230,konarka,19.9,86.1167,26.22,89,100,3.33,IN,1694991997
231,saacow,1.6279,42.4407,24.64,71,67,5.65,SO,1694991997
232,shevchenko,48.5,35.0,16.89,51,0,1.54,UA,1694991997
233,ust'-kut,56.7938,105.7672,7.8,97,58,1.34,RU,1694991997
234,san pedro pochutla,15.7333,-96.4667,32.84,74,81,2.14,MX,1694991972
235,loralai,30.3705,68.598,22.8,63,0,1.32,PK,1694991998
236,shizuishan,39.2333,106.7694,17.39,26,7,2.16,CN,1694991998
237,pangody,65.85,74.4859,5.13,89,100,8.28,RU,1694991998
238,bikenibeu village,1.3673,173.1241,30.98,70,75,3.6,KI,1694991998
239,sao gabriel da cachoeira,-0.1303,-67.0892,24.29,87,89,0.91,BR,1694991999
240,san clemente del tuyu,-36.3569,-56.7235,11.1,79,100,7.37,AR,1694991999
241,codrington,-38.2667,141.9667,13.54,87,72,1.71,AU,1694991999
242,dudinka,69.4058,86.1778,5.9,74,100,8.08,RU,1694991999
243,axim,4.8699,-2.2405,24.04,94,92,2.85,GH,1694992000
244,caleta de carquin,-11.0925,-77.6267,19.67,85,90,5.2,PE,1694992000
245,morant bay,17.8815,-76.4093,31.79,78,73,2.59,JM,1694992000
246,touros,-5.1989,-35.4608,24.96,80,10,7.47,BR,1694991897
247,papatowai,-46.5619,169.4708,7.12,88,91,10.51,NZ,1694992001
248,fale old settlement,-9.3852,-171.2468,28.48,77,54,7.7,TK,1694992001
249,whitehorse,60.7161,-135.0538,12.83,60,100,5.66,CA,1694991760
250,zheleznogorsk,52.331,35.3711,11.11,80,9,2.24,RU,1694992001
251,chita,52.0333,113.55,1.94,100,100,1.0,RU,1694992001
252,maumere,-8.6199,122.2111,25.48,70,8,1.93,ID,1694992002
253,arraial do cabo,-22.9661,-42.0278,21.97,88,0,12.14,BR,1694992002
254,lorengau,-2.0226,147.2712,28.04,69,94,6.42,PG,1694992002
255,punta alta,-38.8759,-62.0736,12.82,52,100,3.28,AR,1694992002
256,cockburn town,21.4612,-71.1419,29.98,66,40,2.57,TC,1694991740
257,skelleftea,64.7507,20.9528,4.2,100,76,2.06,SE,1694992003
258,san juan de miraflores,-12.1629,-76.9635,19.29,86,67,4.39,PE,1694992003
259,vegreville,53.5001,-112.0518,22.17,40,61,5.14,CA,1694991790
260,praia da vitoria,38.7333,-27.0667,19.86,76,55,4.3,PT,1694992003
261,kamen'-na-obi,53.7884,81.3423,13.16,69,86,1.37,RU,1694992004
262,chonchi,-42.6128,-73.8092,6.18,92,41,1.3,CL,1694992004
263,klaksvik,62.2266,-6.589,10.51,94,78,8.74,FO,1694992004
264,srem,52.0887,17.0151,17.23,71,5,3.15,PL,1694992004
265,kachug,53.9606,105.8817,7.77,93,30,1.55,RU,1694992005
266,kushk,33.2957,61.9522,19.18,24,0,3.21,AF,1694992005
267,hamilton,39.1834,-84.5333,23.09,64,75,6.17,US,1694991750
268,saipan,15.1355,145.701,30.39,79,20,4.63,MP,1694992005
269,terenozek,45.05,64.9833,16.56,35,27,4.21,KZ,1694992006
270,christchurch,-43.5333,172.6333,18.11,31,7,8.75,NZ,1694991566
271,lata,40.1629,-8.3327,16.62,97,86,1.93,PT,1694992006
272,moranbah,-22.0016,148.0466,20.73,54,0,8.18,AU,1694992006
273,hampton bays,40.869,-72.5176,21.11,82,41,5.91,US,1694992007
274,toliara,-23.35,43.6667,21.25,85,0,4.56,MG,1694992007
275,cidreira,-30.1811,-50.2056,20.19,72,0,6.08,BR,1694991826
276,tura,25.5198,90.2201,24.37,91,70,1.79,IN,1694992007
277,rawson,-43.3002,-65.1023,7.06,68,96,4.25,AR,1694992007
278,berezovo,63.9381,65.0419,6.09,79,62,2.68,RU,1694992008
279,mata-utu,-13.2816,-176.1745,27.8,77,53,8.44,WF,1694992008
280,swakopmund,-22.6833,14.5333,12.77,84,0,2.24,NA,1694992009
281,luganville,-15.5333,167.1667,25.49,80,93,4.26,VU,1694992009
282,kanggye,40.9695,126.5852,18.46,91,68,1.14,KP,1694992009
283,pursat,12.3333,103.6667,23.94,89,99,0.91,KH,1694992009
284,heilbron,-27.2812,27.9709,11.24,33,5,5.18,ZA,1694992009
285,ghat,24.9647,10.1728,27.27,14,0,2.88,LY,1694991757
286,axum,14.1245,38.7244,15.6,76,66,1.17,ET,1694992010
287,kenai,60.5544,-151.2583,15.03,46,75,4.12,US,1694992010
288,meihekou,42.5272,125.6753,18.19,88,62,2.52,CN,1694992010
289,dunedin,-45.8742,170.5036,10.23,68,79,10.83,NZ,1694992011
290,minas de marcona,-15.2119,-75.1103,14.97,80,69,5.48,PE,1694992011
291,nouadhibou,20.931,-17.0347,22.99,78,0,4.63,MR,1694992011
292,colchani,-20.3,-66.9333,9.87,17,84,3.31,BO,1694992011
293,trincomalee,8.5711,81.2335,27.14,73,100,7.01,LK,1694992012
294,zhezqazghan,47.7833,67.7667,13.82,58,47,4.0,KZ,1694992012
295,jamestown,42.097,-79.2353,18.77,70,100,4.12,US,1694991842
296,conceicao do araguaia,-8.2578,-49.2647,32.12,22,1,1.41,BR,1694992012
297,laoang,12.5,125.0167,26.0,93,83,1.17,PH,1694992013
298,turbat,26.0023,63.044,28.45,68,80,2.1,PK,1694992013
299,tyukhtet,56.5389,89.3011,9.14,90,58,0.73,RU,1694992013
300,st. john's,47.5649,-52.7093,20.66,82,20,7.72,CA,1694991887
301,salinas,36.6777,-121.6555,26.12,59,0,5.66,US,1694991867
302,egilsstadir,65.2653,-14.3948,9.98,97,100,1.73,IS,1694992014
303,shalqar,47.8333,59.6,14.2,87,100,0.88,KZ,1694992014
304,galesong,-5.3166,119.3661,23.01,64,29,2.79,ID,1694992014
305,selibaby,15.159,-12.1829,29.1,71,54,3.57,MR,1694992015
306,lagkadas,40.75,23.0667,24.3,57,57,1.95,GR,1694992015
307,linfen,36.0889,111.5189,23.79,64,33,0.52,CN,1694992015
308,uliastay,47.7417,96.8444,1.77,81,47,1.95,MN,1694992015
309,bonthe,7.5264,-12.505,24.99,88,96,2.55,SL,1694992016
310,cabo san lucas,22.8909,-109.9124,34.23,61,0,2.24,MX,1694991443
311,llanes,43.4198,-4.7549,20.49,66,90,4.54,ES,1694992017
312,holualoa,19.6228,-155.9522,26.91,79,40,5.14,US,1694992018
313,grand baie,-20.0182,57.5802,23.58,69,4,0.45,MU,1694992018
314,port blair,11.6667,92.75,25.69,93,100,7.98,IN,1694992018
315,mil'kovo,55.6078,37.7956,10.23,75,90,3.31,RU,1694992018
316,revda,56.801,59.9303,12.7,78,100,0.99,RU,1694992019
317,labytnangi,66.6572,66.4183,2.67,82,28,3.43,RU,1694992019
318,luena,-11.7833,19.9167,19.24,35,25,2.04,AO,1694992019
319,dedovichi,57.5517,29.9502,10.36,97,100,2.26,RU,1694992019
320,kruisfontein,-34.0033,24.7314,7.16,84,0,2.08,ZA,1694992020
321,tshabong,-26.05,22.45,12.72,22,0,3.07,BW,1694992020
322,sao joao da barra,-21.6403,-41.0511,23.05,85,0,9.17,BR,1694992020
323,swan hill,-35.3378,143.5544,25.5,19,84,6.29,AU,1694992020
324,bibbiano,44.6644,10.4803,21.61,76,18,1.12,IT,1694992020
325,cuatro cienegas de carranza,26.9833,-102.0833,29.71,43,31,6.9,MX,1694992021
326,greenville,35.6127,-77.3663,23.09,94,40,3.09,US,1694991729
327,watsa,3.0372,29.5355,17.23,99,53,1.29,CD,1694991964
328,villa gesell,-37.2639,-56.973,10.59,74,100,3.75,AR,1694991799
329,kismayo,-0.3582,42.5454,24.95,79,80,5.75,SO,1694992022
330,northam,51.0333,-4.2167,19.05,96,43,4.48,GB,1694992022
331,mount isa,-20.7333,139.5,23.87,31,0,3.09,AU,1694992022
332,medicine hat,50.0501,-110.6683,29.55,16,75,9.26,CA,1694991940
333,fauske,67.2588,15.3918,8.02,74,99,2.63,NO,1694992023
334,cody,44.5263,-109.0565,28.11,17,0,5.81,US,1694991985
335,adelia maria,-33.6315,-64.021,15.36,29,94,6.71,AR,1694991912
336,sur,22.5667,59.5289,28.8,71,100,3.62,OM,1694992024
337,medina,24.4686,39.6142,36.24,11,40,3.6,SA,1694992024
338,klyuchi,52.2667,79.1667,12.6,81,55,1.03,RU,1694992024
339,hilo,19.7297,-155.09,28.86,68,40,3.6,US,1694991825
340,kourou,5.1552,-52.6478,29.03,80,71,5.45,GF,1694992025
341,san luis,-33.295,-66.3356,12.78,31,0,10.38,AR,1694992025
342,sao tome,0.3365,6.7273,25.64,80,100,2.56,ST,1694992025
343,princeville,45.7668,-61.2985,18.76,91,97,2.24,CA,1694992025
344,hithadhoo,-0.6,73.0833,27.67,80,25,7.18,MV,1694992026
345,artigas,-30.4,-56.4667,23.84,85,22,4.46,UY,1694992026
346,port elizabeth,-33.918,25.5701,11.16,79,0,2.06,ZA,1694991921
347,beira,-19.8436,34.8389,24.07,90,2,5.42,MZ,1694992026
348,vitoria da conquista,-14.8661,-40.8394,18.78,70,14,4.34,BR,1694991795
349,fort st. john,56.2499,-120.8529,20.1,35,74,7.49,CA,1694992027
350,tofol,5.3248,163.0078,30.88,79,100,1.54,FM,1694992027
351,gore,-46.1028,168.9436,6.28,95,100,5.72,NZ,1694992027
352,kamyaran,34.7956,46.9355,17.21,23,0,1.63,IR,1694992028
353,rabaul,-4.1967,152.1721,27.57,65,90,7.7,PG,1694992028
354,port alfred,-33.5906,26.891,9.54,88,0,0.45,ZA,1694992028
355,ikungi,-5.1333,34.7667,20.04,54,77,4.55,TZ,1694992029
356,ayr,55.4627,-4.6339,14.99,88,20,5.66,GB,1694992029
357,ketchikan,55.3422,-131.6461,12.26,94,100,7.2,US,1694992029
358,zabid,14.1951,43.3152,30.89,60,99,4.66,YE,1694992029
359,carolina beach,34.0352,-77.8936,23.93,93,100,6.56,US,1694992030
360,bom jesus,-9.0744,-44.3586,28.85,21,3,3.17,BR,1694992030
361,sao paulo de olivenca,-3.3783,-68.8725,27.46,68,76,1.31,BR,1694992030
362,stephenville,32.2207,-98.2023,32.18,27,40,2.06,US,1694991804
363,baardheere,2.3446,42.2764,25.06,68,97,6.23,SO,1694992031
364,sandnessjoen,66.0217,12.6316,5.29,66,99,4.17,NO,1694992031
365,muroto-misakicho,33.2833,134.15,26.45,81,29,2.15,JP,1694992031
366,malango,-2.9627,119.9001,20.07,97,88,0.36,ID,1694992031
367,mchinji,-13.7984,32.8802,20.08,37,3,1.52,MW,1694992032
368,dokkum,53.3222,5.997,18.0,96,100,1.54,NL,1694992032
369,plettenberg bay,-34.0527,23.3716,11.03,77,0,1.29,ZA,1694992032
370,nyala,12.05,24.8833,24.01,79,99,4.82,SD,1694992033
371,antsiranana,-12.2787,49.2917,22.67,81,9,6.41,MG,1694992033
372,karaidel',55.8337,56.9069,10.53,89,3,0.78,RU,1694992034
373,kununurra,-15.7667,128.7333,21.99,64,40,1.54,AU,1694992034
374,aktau,43.65,51.2,16.32,75,96,3.9,KZ,1694992035
375,fond parisien,18.5058,-71.9767,29.98,72,99,0.96,HT,1694992035
376,kohtla-jarve,59.3986,27.2731,10.55,74,100,3.93,EE,1694992035
377,lipnik nad becvou,49.5272,17.5859,16.98,75,20,0.9,CZ,1694992035
378,kirakira,-10.4544,161.9205,28.95,73,100,4.32,SB,1694992036
379,vorkuta,67.5,64.0,0.57,93,9,2.31,RU,1694992036
380,bel ombre,-4.6167,55.4167,26.41,84,100,8.96,SC,1694992036
381,sinop,41.7711,34.8709,10.77,87,11,1.4,TR,1694992036
382,sola,-13.8833,167.55,25.73,79,98,8.74,VU,1694992037
383,turkeli,41.9476,34.3386,16.89,71,5,3.18,TR,1694992037
384,cruzeiro do sul,-29.5128,-51.9853,24.73,79,0,2.26,BR,1694991870
385,vilyuchinsk,52.9306,158.4028,13.15,64,40,12.71,RU,1694992037
386,hammerfest,70.6634,23.6821,7.25,76,75,6.69,NO,1694992038
387,nandgaon,20.3167,74.65,22.95,85,94,4.66,IN,1694992038
388,tommot,58.9564,126.2925,4.92,64,100,1.31,RU,1694992038
389,mahina,-17.5065,-149.489,28.87,70,40,5.66,PF,1694992039
390,pauini,-7.7136,-66.9764,31.31,42,70,1.15,BR,1694992040
391,azangaro,-14.9167,-70.2167,10.15,55,65,3.61,PE,1694992040
392,marka,1.7159,44.7717,25.15,82,96,6.68,SO,1694992040
393,espinosa,-14.9261,-42.8192,26.45,41,19,5.55,BR,1694992040
394,manggar,-2.8833,108.2667,27.22,81,99,5.92,ID,1694992041
395,fraserburgh,57.6874,-2.0184,12.46,89,100,7.26,GB,1694992041
396,mejit,10.2753,170.8646,28.33,80,100,7.73,MH,1694992041
397,garachico,28.7781,-17.7646,20.27,78,100,5.14,ES,1694992041
398,tabou,4.423,-7.3528,25.57,85,84,3.45,CI,1694992042
399,nuku'alofa,-21.1333,-175.2,26.19,69,20,7.72,TO,1694992042
400,happy valley-goose bay,53.3168,-60.3315,11.17,93,100,9.77,CA,1694992042
401,carnarvon,-24.8667,113.6333,17.79,68,40,9.45,AU,1694992042
402,mitu,1.1983,-70.1733,25.67,75,61,0.81,CO,1694991780
403,inarajan village,13.2736,144.7484,30.08,88,100,5.1,GU,1694992043
404,nanao,37.05,136.9667,26.77,80,9,2.75,JP,1694992043
405,mirpur sakro,24.5474,67.6277,27.22,83,86,6.82,PK,1694992043
406,suva,-18.1416,178.4415,24.71,94,75,3.09,FJ,1694992044
407,jiuquan,39.7432,98.5174,11.26,34,0,1.79,CN,1694992044
408,kampene,-3.6,26.6667,20.43,97,100,1.05,CD,1694992044
409,arrifes,37.7667,-25.7,18.84,77,40,2.06,PT,1694992044
410,cidade velha,14.9167,-23.6167,25.26,78,20,4.12,CV,1694992045
411,kerikeri,-35.2268,173.9474,17.35,70,18,3.94,NZ,1694992045
412,avanigadda,16.0215,80.9181,28.3,79,100,1.94,IN,1694992045
413,backo petrovo selo,45.7081,20.0753,17.26,72,2,4.42,RS,1694992046
414,anqing,30.5092,117.0506,24.85,83,60,0.56,CN,1694992046
415,usogorsk,63.4106,48.6872,9.29,91,100,3.47,RU,1694992046
416,prien,30.1819,-93.2738,33.34,38,75,3.6,US,1694992046
417,saint-francois,46.4154,3.9054,18.69,82,100,1.54,FR,1694992046
418,nema,57.5067,50.5011,6.84,87,19,1.83,RU,1694992047
419,mar del plata,-38.0023,-57.5575,11.72,86,0,3.09,AR,1694991842
420,weno,7.4515,151.8468,29.97,84,100,2.57,FM,1694992047
421,altai,46.3722,96.2583,0.87,87,55,1.34,MN,1694992047
422,yeppoon,-23.1333,150.7333,20.88,56,80,6.05,AU,1694991941
423,orshanka,56.9161,47.8933,8.81,71,44,2.41,RU,1694992048
424,kodinsk,58.6881,99.1844,11.91,80,100,1.02,RU,1694992048
425,taltal,-25.4,-70.4833,17.53,76,23,3.01,CL,1694992048
426,howrah,22.5892,88.3103,29.0,94,40,2.06,IN,1694992049
427,guaratuba,-25.8828,-48.5747,21.16,80,0,1.97,BR,1694992049
428,makhambet,47.6667,51.5833,16.8,57,83,3.45,KZ,1694992049
429,baruun-urt,46.6806,113.2792,7.61,87,100,2.88,MN,1694992049
430,zarqa,32.0728,36.088,22.95,33,0,2.57,JO,1694992050
431,dolinsk,47.35,142.8,14.76,95,100,3.8,RU,1694992050
432,camabatela,-8.1881,15.375,17.6,94,98,1.66,AO,1694992050
433,cill airne,52.05,-9.5167,13.07,95,100,2.01,IE,1694992050
434,concepcion de la sierra,-27.9831,-55.5203,26.45,70,0,2.62,AR,1694992051
435,faya-largeau,17.9257,19.1043,30.61,11,0,5.01,TD,1694992051
436,guajara mirim,-10.7828,-65.3394,33.23,30,35,0.49,BR,1694992051
437,shibganj,24.6829,88.1598,29.44,70,91,1.13,BD,1694992051
438,matias romero,16.8833,-95.0333,28.34,74,48,4.73,MX,1694992052
439,hashtpar,37.8008,48.9037,20.89,71,24,1.25,IR,1694992037
440,sao lourenco do sul,-31.3653,-51.9783,20.61,88,27,2.53,BR,1694992052
441,fort stockton,30.894,-102.8793,30.09,38,0,3.09,US,1694992052
442,as sulayyil,20.4607,45.5779,31.01,16,68,3.08,SA,1694992053
443,horta,38.5333,-28.6333,17.79,79,58,4.02,PT,1694992053
444,churachandpur,24.3333,93.6667,20.03,90,98,0.4,IN,1694992053
445,likiep,9.8251,169.3107,27.57,83,100,6.78,MH,1694992053
446,paita,-5.0892,-81.1144,21.03,85,87,9.13,PE,1694991957
447,mineiros,-17.5694,-52.5511,26.83,32,58,2.38,BR,1694991924
448,puerto baquerizo moreno,-0.9,-89.6,22.91,89,100,5.55,EC,1694992054
449,kashgar,39.4547,75.9797,20.82,32,92,2.12,CN,1694992054
450,yorkton,51.2167,-102.4677,28.6,19,2,6.36,CA,1694992054
451,emet,39.343,29.2585,13.23,84,9,1.75,TR,1694992055
452,belyy yar,53.6039,91.3903,6.94,93,0,0.0,RU,1694992055
453,hameenkyro,61.6391,23.1953,8.05,83,61,1.52,FI,1694992055
454,xining,36.6167,101.7667,9.43,76,53,1.5,CN,1694992055
455,polyarnyy,69.1989,33.4478,5.93,95,100,10.52,RU,1694992056
456,selfoss,63.9331,-20.9971,5.02,87,34,3.27,IS,1694992056
457,mount gambier,-37.8333,140.7667,13.24,81,64,1.66,AU,1694992056
458,coxen hole,16.3244,-86.5366,30.6,70,20,5.14,HN,1694992056
459,ta`u,-14.2336,-169.5144,26.54,83,57,8.53,AS,1694992056
460,fomboni,-12.28,43.7425,25.2,75,6,3.48,KM,1694992057
461,campoverde,-8.4753,-74.8058,31.83,42,61,1.72,PE,1694992057
462,pathein,16.7833,94.7333,24.01,97,100,1.93,MM,1694992057
463,tvoroyri,61.5556,-6.8111,10.95,91,75,8.62,FO,1694992057
464,carutapera,-1.195,-46.02,25.72,84,68,3.45,BR,1694992058
465,kasongo-lunda,-6.4667,16.8167,22.76,88,84,0.87,CD,1694992058
466,mithi,24.7318,69.7981,28.16,76,100,6.79,PK,1694992058
467,tatsinskiy,48.1968,41.2756,14.75,56,25,2.73,RU,1694992059
468,saurimo,-9.6608,20.3916,20.79,64,60,2.17,AO,1694992059
469,botou,38.0667,116.5667,21.0,91,44,2.09,CN,1694991936
470,lulea,65.5842,22.1547,2.04,93,75,0.0,SE,1694992059
471,correntina,-13.3433,-44.6367,27.86,31,19,2.63,BR,1694992059
472,mirriah,13.7073,9.1501,29.55,53,70,5.53,NE,1694992060
473,nemuro,43.3236,145.575,19.21,98,99,8.27,JP,1694992060
474,medenine,33.355,10.5055,25.05,55,0,2.57,TN,1694992060
475,sayanogorsk,53.0875,91.3997,12.95,77,89,0.84,RU,1694992060
476,pailon,-17.65,-62.75,31.82,22,0,7.03,BO,1694992061
477,frankfort,-27.2667,28.4833,10.18,87,17,3.68,ZA,1694991837
478,zemio,5.0314,25.1361,19.14,99,91,0.99,CF,1694992061
479,simanggang,1.2472,111.4528,23.25,99,90,0.29,MY,1694992061
480,kargasok,59.0556,80.8572,13.09,81,98,3.16,RU,1694992061
481,corte,42.25,9.25,22.22,35,58,2.11,FR,1694992062
482,kolonia,50.9333,6.95,22.2,79,0,2.06,DE,1694992062
483,hudson,40.7168,-74.0663,22.89,68,75,6.17,US,1694991993
484,stornoway,58.2093,-6.3865,13.98,93,75,6.69,GB,1694992062
485,ratnagiri,16.9833,73.3,25.25,89,82,3.11,IN,1694992063
486,deir ez-zor,35.3359,40.1408,27.91,24,0,5.05,SY,1694992063
487,khadan khak,30.7477,67.7085,19.02,40,0,1.84,PK,1694992063
488,fereydunshahr,32.941,50.121,12.31,42,0,2.29,IR,1694992063
489,la sarre,48.8002,-79.1996,11.31,83,97,4.42,CA,1694991779
490,oktyabr'skoye,43.0645,44.7417,10.08,100,75,1.0,RU,1694992064
491,cacoal,-11.4386,-61.4472,34.09,25,41,2.18,BR,1694992064
492,plymouth,41.8334,-70.8328,22.03,71,5,3.32,US,1694991365
493,san luis de since,9.2439,-75.1468,26.08,91,79,4.26,CO,1694992064
494,nantucket,41.2835,-70.0995,20.0,93,0,4.63,US,1694991800
495,fada,9.5667,8.3,19.74,94,94,0.62,NG,1694991751
496,the pas,53.8251,-101.2541,25.05,33,12,5.87,CA,1694992066
497,luanda,-8.8368,13.2343,23.0,83,63,0.51,AO,1694991808
498,namibe,-15.1961,12.1522,19.43,88,100,1.88,AO,1694992067
499,juhaynah,26.6732,31.4976,27.73,24,0,3.73,EG,1694992067
500,sisimiut,66.9395,-53.6735,2.1,79,45,2.5,GL,1694992067
501,panaba,21.2833,-88.2667,30.34,61,68,5.64,MX,1694992067
502,svetlyy,54.675,20.1347,16.09,89,14,3.4,RU,1694992068
503,celestun,20.8667,-90.4,29.95,69,16,5.84,MX,1694992068
504,upington,-28.4478,21.2561,11.24,27,0,2.61,ZA,1694992068
505,woolgoolga,-30.1106,153.2007,21.93,45,0,3.85,AU,1694991881
506,rockland,41.1668,-74.0496,22.14,75,91,2.45,US,1694992068
507,bardai,11.65,7.2333,22.4,89,71,2.59,NG,1694992069
508,shingu,33.7333,135.9833,25.96,84,49,1.12,JP,1694992069
509,weener,53.1667,7.35,17.2,97,100,2.47,DE,1694992069
510,ubinskoye,55.3068,79.6802,13.5,76,100,1.36,RU,1694992069
511,signal mountain,35.1226,-85.3438,22.98,60,20,4.63,US,1694992070
512,qamdo,31.1667,97.2333,2.07,93,95,0.15,CN,1694992070
513,synel'nykove,48.3204,35.5179,15.09,55,0,1.77,UA,1694992070
514,kapa'a,22.0752,-159.319,30.99,65,40,5.66,US,1694992070
515,golden valley,45.0097,-93.3491,22.99,52,75,0.45,US,1694992070
516,wakkanai,45.4094,141.6739,17.83,95,100,3.58,JP,1694992071
517,astrakhan,46.3497,48.0408,13.93,93,40,3.13,RU,1694992071
518,ust'-ilimsk,58.0006,102.6619,8.24,94,51,1.3,RU,1694992072
519,aioun,16.6614,-9.6149,35.61,32,59,2.15,MR,1694992072
520,iwanai,42.9744,140.5089,24.31,92,96,1.72,JP,1694992072
521,huoqiu chengguanzhen,32.3547,116.2939,24.51,83,91,2.79,CN,1694992073
522,smithers,54.7804,-127.1743,12.93,67,83,3.27,CA,1694992073
523,urangan,-25.3,152.9,21.45,61,18,3.05,AU,1694992074
524,kharp,66.8014,65.8081,2.04,87,15,2.67,RU,1694992074
525,mermoz boabab,14.7065,-17.4758,27.31,83,100,6.29,SN,1694992074
526,prado,-17.3411,-39.2208,22.75,82,3,3.15,BR,1694992065
527,al bardiyah,31.7561,25.0865,24.83,72,62,5.93,LY,1694992075
528,piterka,50.6803,47.4454,16.74,50,84,3.95,RU,1694992075
529,valenca do piaui,-6.4075,-41.7456,27.3,27,8,2.31,BR,1694992075
530,hasaki,35.7333,140.8333,29.05,80,1,6.72,JP,1694992075
531,bereznik,62.8551,42.7072,9.37,94,100,4.72,RU,1694992075
532,katabu,-4.9333,122.5167,25.32,78,25,2.26,ID,1694992076
533,wynyard,-41.0,145.7167,11.53,80,87,2.17,AU,1694992076
534,mersa matruh,31.3525,27.2453,25.5,67,0,3.69,EG,1694992076
535,adzope,6.1069,-3.8619,22.06,99,97,1.78,CI,1694992076
536,ngereklmadel,7.4883,134.4856,27.69,73,85,1.35,PW,1694992077
537,al mijlad,11.0333,27.7333,25.24,76,67,5.26,SD,1694992077
538,guigang,23.0964,109.6092,24.78,94,49,1.35,CN,1694992077
539,thunder bay,48.4001,-89.3168,15.56,65,67,1.81,CA,1694992023
540,reutov,55.7594,37.8617,10.12,69,92,2.89,RU,1694992079
541,walvis bay,-22.9575,14.5053,12.83,90,0,1.1,NA,1694992079
542,kyzyl,51.7,94.45,8.48,85,19,0.87,RU,1694991891
543,manay,7.215,126.5397,27.14,76,88,0.43,PH,1694992079
544,mont-dore,-22.2833,166.5833,22.99,99,92,5.06,NC,1694992079
545,san andres tuxtla,18.45,-95.2167,27.41,78,30,2.43,MX,1694992080
546,kapuskasing,49.4169,-82.4331,11.05,79,74,0.93,CA,1694992080
547,mstsislaw,54.0192,31.7257,10.46,87,45,3.15,BY,1694992080
548,la'ie,21.6477,-157.9253,30.98,72,38,3.13,US,1694992080
549,mugia,43.1041,-9.2179,19.53,90,96,8.84,ES,1694991883
550,valle vista,33.7478,-116.8934,33.81,57,0,1.79,US,1694992081
551,arboletes,8.8505,-76.4269,27.63,84,100,3.27,CO,1694991855
552,maych'ew,12.7875,39.5422,15.62,69,90,0.87,ET,1694992081
553,kailua-kona,19.6406,-155.9956,28.98,78,40,5.14,US,1694992081
554,carloforte,39.145,8.3058,26.63,62,18,6.55,IT,1694991974
555,upper grand lagoon,30.1633,-85.7408,30.59,69,20,3.6,US,1694992082
556,antigonish,45.6169,-61.9986,19.64,86,75,3.58,CA,1694991950
557,tchintabaraden,15.8969,5.7985,31.54,45,80,7.3,NE,1694992083
558,kudahuvadhoo,2.6708,72.8944,28.02,78,86,5.41,MV,1694992083
559,sittwe,20.15,92.9,26.06,90,100,5.3,MM,1694992083
560,wuwei,37.9281,102.6414,15.04,61,85,2.35,CN,1694992084
561,brisas de zicatela,15.8369,-97.0419,29.29,75,42,2.64,MX,1694992084
562,graaff-reinet,-32.2522,24.5308,10.81,40,0,2.35,ZA,1694992084
563,westport,41.1415,-73.3579,22.33,68,57,3.13,US,1694992084
564,gongzhuling,43.5008,124.8198,17.35,95,99,5.04,CN,1694992085
565,riyadh,24.6877,46.7219,32.08,18,41,3.05,SA,1694992020
566,floro,61.5996,5.0328,13.04,87,20,4.12,NO,1694992085
567,trongsa,27.5026,90.5072,13.59,92,8,1.3,BT,1694992085
568,kurchum,48.5722,83.6542,11.32,67,5,1.42,KZ,1694992086
569,hassi messaoud,31.6804,6.0729,31.47,14,22,4.57,DZ,1694992086
570,viqueque,-8.8673,126.3658,24.21,72,34,0.76,TL,1694992086
571,harstad,68.799,16.5293,7.86,93,97,12.07,NO,1694992086
572,ende,-8.8432,121.6623,25.38,66,6,1.31,ID,1694992087
573,freeport,40.6576,-73.5832,22.43,69,75,3.6,US,1694992087
574,la garriga,41.6833,2.2833,24.68,88,99,1.34,ES,1694992087
575,morondava,-20.2833,44.2833,23.42,70,0,5.46,MG,1694992087
576,puerto gaitan,4.3133,-72.0816,27.1,75,80,2.0,CO,1694992088
577,yanykurgan,43.915,67.2481,18.62,32,91,4.87,KZ,1694992088
578,vanimo,-2.6741,141.3028,27.37,74,55,1.72,PG,1694992088
579,remire-montjoly,4.9167,-52.2667,29.02,70,0,1.54,GF,1694992088
580,selebi-phikwe,-21.979,27.8498,18.84,62,0,6.94,BW,1694992089
581,karoi,-16.8099,29.6925,19.94,36,0,2.69,ZW,1694992089
582,queenstown,-31.8976,26.8753,5.64,56,0,0.83,ZA,1694992089
583,sitangkai,4.6628,119.3928,27.74,75,97,2.98,PH,1694992089
584,al kharijah,25.4514,30.5464,26.13,20,0,2.48,EG,1694992090
585,hailun,47.45,126.9333,15.45,97,100,2.29,CN,1694992090
586,ribeira brava,32.65,-17.0667,21.51,70,100,3.37,PT,1694991653
587,lappeenranta,61.0587,28.1887,11.55,87,0,3.6,FI,1694992090
588,tidjikja,18.5564,-11.4271,33.72,34,50,2.28,MR,1694992091
589,kristiansund,63.1115,7.732,9.36,81,75,2.57,NO,1694992091
590,sao joao evangelista,-18.5478,-42.7633,22.04,67,1,3.61,BR,1694992035
591,gizo,-8.103,156.8419,27.5,79,61,4.82,SB,1694992091
592,male,4.1748,73.5089,26.97,89,100,3.6,MV,1694992091
593,pechora,65.1472,57.2244,5.2,93,86,3.19,RU,1694992092
594,altay,47.8667,88.1167,7.22,75,18,1.34,CN,1694992092
595,boundiali,9.5217,-6.4869,20.92,93,71,1.09,CI,1694992092
596,inhambane,-23.865,35.3833,20.33,77,100,6.84,MZ,1694992092
597,lewes,50.8736,0.0113,19.39,89,100,6.71,GB,1694992093
598,robore,-18.3333,-59.75,34.67,25,2,4.24,BO,1694991800
599,tabango,11.3077,124.373,27.14,83,43,2.88,PH,1694992093
